{
    "criteria": {
      "requirement": {
        "trigger": "minecraft:player_hurt_entity",
        "conditions": {
          "player": {
            "type": "minecraft:player",
            "nbt": "{Tags:[\"class_hunter\"]}"
          },
          "damage": {
            "type": {
              "is_explosion": true
            }
          },
          "entity": {
            "type": "#entity_hit_matching:targets",
            "team":"mobs"
          }
        }
      }
    }
  }
  