[
    {
      "function": "minecraft:set_name",
      "entity": "this",
      "name": [{"text":"Final Spark","color":"yellow","italic":true},{"text":" [Cooldown: ","color":"dark_red","italic":false},{"score":{"name":"$hunter_display","objective":"class_loop"},"color":"dark_red","italic":false},{"text":"]","color":"dark_red","italic":false}],

      "conditions": [
        {
          "condition": "minecraft:entity_properties",
          "entity": "this",
          "predicate": {
            "type": "minecraft:player",
            "nbt": "{Inventory:[{id:\"minecraft:crossbow\"}]}"
          }
        }
      ]
    }
  ]
  