{
    "criteria": {
      "requirement": {
        "trigger": "minecraft:location",
        "conditions": {
          "player": [
            {
              "condition": "minecraft:location_check",
              "predicate": {
                "position": {
                  "x": {
                    "min": 1380,
                    "max": 1382
                  },
                  "y": {
                    "min": 94,
                    "max": 94
                  },
                  "z": {
                    "min": -1079,
                    "max": -1077
                  }
                },
                "dimension": "minecraft:the_nether"
              }
            }
          ]
        }
      }
    },
    "rewards": {
      "function": "watcher:setup"
    }
  }
