{
    "criteria": {
      "requirement": {
        "trigger": "minecraft:player_killed_entity",
        "conditions": {
          "entity": [
            {
              "condition": "minecraft:entity_properties",
              "entity": "this",
              "predicate": {
                "type": "minecraft:endermite",
                "nbt": "{Tags:[\"voidling\"]}"
              }
            }
          ]
        }
      }
    },
    "rewards": {
      "function": "watcher:active/boss/voidling/kill"
    }
  }
  